scale,range_low,range_high,level,text
P,0,25,низкий,Нуждается в развитии ориентации на результат и завершении задач.
P,26,35,средний,Поддерживает фокус на результате при достаточной структурной поддержке.
P,36,60,высокий,Сильная направленность на выполнение и контроль результата.
A,0,25,низкий,Склонность упускать регламенты; важно добавить системность.
A,26,35,средний,"Соблюдает порядок, если правила прозрачны и оправданы."
A,36,60,высокий,Выраженная процедурность и аккуратность в документах.
E,0,25,низкий,Осторожен к изменениям; полезно тренировать инициативность.
E,26,35,средний,Инициативность проявляется ситуационно; поддержка среды повышает проявления.
E,36,60,высокий,Хорошо генерирует идеи и запускает новое.
I,0,25,низкий,Коммуникация может быть сухой; важно развивать координацию и эмпатию.
I,26,35,средний,Поддерживает взаимодействие и согласование в команде.
I,36,60,высокий,Сильные навыки интеграции и профилактики конфликтов.
